Material,Language,,,
,English,Hindi,Marathi,
Caregivers booklet,4960,2875,4125,
My Safety Book,1470,975,1175,
My Personal Safety Workbook,2585,2980,2000,
FAQ Book,7317,3430,4370,
Rescue and Remedy Book,134,,112,
Arpan T-Shirts,165,,,
Arpan Mug,200,,,
Arpan Key Chains,2000,,,
Media Report,2,,,
Mandatory Report,2,,,
Stickers,1124,968,882,
Parenting Poster Digital,350,115,140,
Childrens Poster Digital,350,115,140,
Feed back form,8000,,,
Annual Report 17-18,42,,,
Worksheet Balance Qty ,,,,
WorkSheet English,,,,
Grade 1,400,,,
Grade 2,650,,,
Grade 3,650,,,
Grade 4,650,,,
Grade 5&6,650,,,
,,,,
WorkSheet Hindi,,,,
Grade 1,,650,,
Grade 2,,500,,
Grade 3,,600,,
Grade 4,,600,,
Grade 5&6,,600,,
,,,,
WorkSheet Marathi,,,,
Grade 1,,,400,
Grade 2,,,500,
Grade 3,,,200,
Grade 4,,,350,
Grade 5&6,,,350,